{"count":1,"self":0.969401,"total":2.185124,"children":{"InitializeActuators":{"count":1,"self":0.0014659999999999999,"total":0.0014659999999999999,"children":null},"InitializeSensors":{"count":1,"self":0.0040869999999999995,"total":0.0040869999999999995,"children":null},"AgentSendState":{"count":52,"self":0.0011849999999999999,"total":1.2009189999999998,"children":{"CollectObservations":{"count":52,"self":4.8E-05,"total":4.8E-05,"children":null},"WriteActionMask":{"count":52,"self":0.00015999999999999999,"total":0.00015999999999999999,"children":null},"RequestDecision":{"count":52,"self":0.013339,"total":1.1995259999999999,"children":{"CameraSensor.GetCompressedObservation":{"count":52,"self":1.1861869999999999,"total":1.1861869999999999,"children":null}}}}},"DecideAction":{"count":52,"self":0.008093,"total":0.008093,"children":null},"AgentAct":{"count":52,"self":0.00045799999999999997,"total":0.00045799999999999997,"children":null}},"gauges":{},"metadata":{"timer_format_version":"0.1.0","start_time_seconds":"1717515002","unity_version":"2021.3.25f1","command_line_arguments":"\/home\/serwan\/Unity\/Hub\/Editor\/2021.3.25f1\/Editor\/Unity -projectpath \/home\/serwan\/Desktop\/GRASP -useHub -hubIPC -cloudEnvironment production -licensingIpc LicenseClient-serwan -hubSessionId 27183690-1016-4351-b18a-5af975560cf6 -accessToken JSqolBg_FcP1OabZLXAirzOH1Da_hgaCeBy9gMS34bM008f","communication_protocol_version":"1.5.0","com.unity.ml-agents_version":"2.0.1","scene_name":"FourObjectOrdering","end_time_seconds":"1717515004"}}