{"count":1,"self":1.1091849999999999,"total":4.295968,"children":{"InitializeActuators":{"count":1,"self":0.0013729999999999999,"total":0.0013729999999999999,"children":null},"InitializeSensors":{"count":1,"self":0.003738,"total":0.003738,"children":null},"AgentSendState":{"count":182,"self":0.0016099999999999999,"total":3.158541,"children":{"CollectObservations":{"count":182,"self":9.2E-05,"total":9.2E-05,"children":null},"WriteActionMask":{"count":182,"self":0.00021999999999999998,"total":0.00021999999999999998,"children":null},"RequestDecision":{"count":182,"self":0.032584999999999996,"total":3.156619,"children":{"CameraSensor.GetCompressedObservation":{"count":182,"self":3.124034,"total":3.124034,"children":null}}}}},"DecideAction":{"count":182,"self":0.021616999999999997,"total":0.021616999999999997,"children":null},"AgentAct":{"count":182,"self":0.00057699999999999993,"total":0.00057699999999999993,"children":null}},"gauges":{},"metadata":{"timer_format_version":"0.1.0","start_time_seconds":"1717514965","unity_version":"2021.3.25f1","command_line_arguments":"\/home\/serwan\/Unity\/Hub\/Editor\/2021.3.25f1\/Editor\/Unity -projectpath \/home\/serwan\/Desktop\/GRASP -useHub -hubIPC -cloudEnvironment production -licensingIpc LicenseClient-serwan -hubSessionId 27183690-1016-4351-b18a-5af975560cf6 -accessToken JSqolBg_FcP1OabZLXAirzOH1Da_hgaCeBy9gMS34bM008f","communication_protocol_version":"1.5.0","com.unity.ml-agents_version":"2.0.1","scene_name":"MovementTrue","end_time_seconds":"1717514969"}}