{"count":1,"self":1.042848,"total":2.245011,"children":{"InitializeActuators":{"count":1,"self":0.0015819999999999999,"total":0.0015819999999999999,"children":null},"InitializeSensors":{"count":1,"self":0.0037749999999999997,"total":0.0037749999999999997,"children":null},"AgentSendState":{"count":52,"self":0.0011179999999999999,"total":1.188265,"children":{"CollectObservations":{"count":52,"self":4.4E-05,"total":4.4E-05,"children":null},"WriteActionMask":{"count":52,"self":0.00015199999999999998,"total":0.00015199999999999998,"children":null},"RequestDecision":{"count":52,"self":0.011471,"total":1.1869509999999999,"children":{"CameraSensor.GetCompressedObservation":{"count":52,"self":1.1754799999999999,"total":1.1754799999999999,"children":null}}}}},"DecideAction":{"count":52,"self":0.0073729999999999993,"total":0.0073729999999999993,"children":null},"AgentAct":{"count":52,"self":0.00044699999999999997,"total":0.00044699999999999997,"children":null}},"gauges":{},"metadata":{"timer_format_version":"0.1.0","start_time_seconds":"1717515154","unity_version":"2021.3.25f1","command_line_arguments":"\/home\/serwan\/Unity\/Hub\/Editor\/2021.3.25f1\/Editor\/Unity -projectpath \/home\/serwan\/Desktop\/GRASP -useHub -hubIPC -cloudEnvironment production -licensingIpc LicenseClient-serwan -hubSessionId 27183690-1016-4351-b18a-5af975560cf6 -accessToken JSqolBg_FcP1OabZLXAirzOH1Da_hgaCeBy9gMS34bM008f","communication_protocol_version":"1.5.0","com.unity.ml-agents_version":"2.0.1","scene_name":"P_Inertia2","end_time_seconds":"1717515156"}}