{"count":1,"self":1.1474419999999999,"total":3.550157,"children":{"InitializeActuators":{"count":1,"self":0.0022069999999999998,"total":0.0022069999999999998,"children":null},"InitializeSensors":{"count":1,"self":0.0033039999999999996,"total":0.0033039999999999996,"children":null},"AgentSendState":{"count":102,"self":0.001346,"total":2.382469,"children":{"CollectObservations":{"count":102,"self":7.0999999999999991E-05,"total":7.0999999999999991E-05,"children":null},"WriteActionMask":{"count":102,"self":0.000202,"total":0.000202,"children":null},"RequestDecision":{"count":102,"self":0.052187,"total":2.3808499999999997,"children":{"CameraSensor.GetCompressedObservation":{"count":102,"self":2.3286629999999997,"total":2.3286629999999997,"children":null}}}}},"DecideAction":{"count":102,"self":0.013528,"total":0.013528,"children":null},"AgentAct":{"count":102,"self":0.00049699999999999994,"total":0.00049699999999999994,"children":null}},"gauges":{},"metadata":{"timer_format_version":"0.1.0","start_time_seconds":"1717515202","unity_version":"2021.3.25f1","command_line_arguments":"\/home\/serwan\/Unity\/Hub\/Editor\/2021.3.25f1\/Editor\/Unity -projectpath \/home\/serwan\/Desktop\/GRASP -useHub -hubIPC -cloudEnvironment production -licensingIpc LicenseClient-serwan -hubSessionId 27183690-1016-4351-b18a-5af975560cf6 -accessToken JSqolBg_FcP1OabZLXAirzOH1Da_hgaCeBy9gMS34bM008f","communication_protocol_version":"1.5.0","com.unity.ml-agents_version":"2.0.1","scene_name":"P_Solidity2","end_time_seconds":"1717515206"}}