{"count":1,"self":1.2070729999999998,"total":5.957322,"children":{"InitializeActuators":{"count":1,"self":0.0014299999999999998,"total":0.0014299999999999998,"children":null},"InitializeSensors":{"count":1,"self":0.0037359999999999997,"total":0.0037359999999999997,"children":null},"AgentSendState":{"count":268,"self":0.001887,"total":4.711233,"children":{"CollectObservations":{"count":268,"self":0.00016199999999999998,"total":0.00016199999999999998,"children":null},"WriteActionMask":{"count":268,"self":0.00030399999999999996,"total":0.00030399999999999996,"children":null},"RequestDecision":{"count":268,"self":0.056089999999999994,"total":4.70888,"children":{"CameraSensor.GetCompressedObservation":{"count":268,"self":4.6527899999999995,"total":4.6527899999999995,"children":null}}}}},"DecideAction":{"count":268,"self":0.032333,"total":0.032333,"children":null},"AgentAct":{"count":268,"self":0.000673,"total":0.000673,"children":null}},"gauges":{},"metadata":{"timer_format_version":"0.1.0","start_time_seconds":"1717514935","unity_version":"2021.3.25f1","command_line_arguments":"\/home\/serwan\/Unity\/Hub\/Editor\/2021.3.25f1\/Editor\/Unity -projectpath \/home\/serwan\/Desktop\/GRASP -useHub -hubIPC -cloudEnvironment production -licensingIpc LicenseClient-serwan -hubSessionId 27183690-1016-4351-b18a-5af975560cf6 -accessToken JSqolBg_FcP1OabZLXAirzOH1Da_hgaCeBy9gMS34bM008f","communication_protocol_version":"1.5.0","com.unity.ml-agents_version":"2.0.1","scene_name":"Right","end_time_seconds":"1717514940"}}