{"count":1,"self":1.0211949999999999,"total":3.5533479999999997,"children":{"InitializeActuators":{"count":1,"self":0.001468,"total":0.001468,"children":null},"InitializeSensors":{"count":1,"self":0.0036999999999999997,"total":0.0036999999999999997,"children":null},"AgentSendState":{"count":144,"self":0.0014559999999999998,"total":2.4938119999999997,"children":{"CollectObservations":{"count":144,"self":7.9999999999999993E-05,"total":7.9999999999999993E-05,"children":null},"WriteActionMask":{"count":144,"self":0.000206,"total":0.000206,"children":null},"RequestDecision":{"count":144,"self":0.025987999999999997,"total":2.49207,"children":{"CameraSensor.GetCompressedObservation":{"count":144,"self":2.466082,"total":2.466082,"children":null}}}}},"DecideAction":{"count":144,"self":0.031809,"total":0.031809,"children":null},"AgentAct":{"count":144,"self":0.00054999999999999992,"total":0.00054999999999999992,"children":null}},"gauges":{},"metadata":{"timer_format_version":"0.1.0","start_time_seconds":"1717514926","unity_version":"2021.3.25f1","command_line_arguments":"\/home\/serwan\/Unity\/Hub\/Editor\/2021.3.25f1\/Editor\/Unity -projectpath \/home\/serwan\/Desktop\/GRASP -useHub -hubIPC -cloudEnvironment production -licensingIpc LicenseClient-serwan -hubSessionId 27183690-1016-4351-b18a-5af975560cf6 -accessToken JSqolBg_FcP1OabZLXAirzOH1Da_hgaCeBy9gMS34bM008f","communication_protocol_version":"1.5.0","com.unity.ml-agents_version":"2.0.1","scene_name":"Up","end_time_seconds":"1717514930"}}